1,Visual,1
2,Visual,1
3,Visual,1
4,Visual,1
5,Visual,1
6,Visual,1
7,Visual,1
8,Visual,1
9,Visual,1
10,Visual,1
11,Visual,1
12,Visual,1
13,Visual,1
14,Visual,1
15,Visual,1
16,Visual,1
17,Visual,1
18,Visual,1
19,Visual,1
20,Visual,1
21,Visual,1
22,Visual,1
23,Visual,1
24,Visual,1
25,Visual,1
26,Visual,1
27,Visual,1
28,Visual,1
29,Visual,1
30,Visual,1
31,Visual,1
32,SMA,2
33,SMA,2
34,SMA,2
35,SMA,2
36,SMA,2
37,SMA,2
38,SMA,2
39,SMA,2
40,SMA,2
41,SMA,2
42,SMA,2
43,SMA,2
44,SMA,2
45,SMA,2
46,SMA,2
47,SMA,2
48,SMA,2
49,SMA,2
50,SMA,2
51,SMA,2
52,SMA,2
53,SMA,2
54,SMA,2
55,SMA,2
56,SMA,2
57,SMA,2
58,SMA,2
59,SMA,2
60,SMA,2
61,SMA,2
62,SMA,2
63,SMA,2
64,SMA,2
65,SMA,2
66,SMA,2
67,SMA,2
68,SMA,2
69,DA,3
70,DA,3
71,DA,3
72,DA,3
73,DA,3
74,DA,3
75,DA,3
76,DA,3
77,DA,3
78,DA,3
79,DA,3
80,DA,3
81,DA,3
82,DA,3
83,DA,3
84,DA,3
85,DA,3
86,DA,3
87,DA,3
88,DA,3
89,DA,3
90,DA,3
91,DA,3
92,VA,4
93,VA,4
94,VA,4
95,VA,4
96,VA,4
97,VA,4
98,VA,4
99,VA,4
100,VA,4
101,VA,4
102,VA,4
103,VA,4
104,VA,4
105,VA,4
106,VA,4
107,VA,4
108,VA,4
109,VA,4
110,VA,4
111,VA,4
112,VA,4
113,VA,4
114,Limbic,5
115,Limbic,5
116,Limbic,5
117,Limbic,5
118,Limbic,5
119,Limbic,5
120,Limbic,5
121,Limbic,5
122,Limbic,5
123,Limbic,5
124,Limbic,5
125,Limbic,5
126,Limbic,5
127,FPCN,6
128,FPCN,6
129,FPCN,6
130,FPCN,6
131,FPCN,6
132,FPCN,6
133,FPCN,6
134,FPCN,6
135,FPCN,6
136,FPCN,6
137,FPCN,6
138,FPCN,6
139,FPCN,6
140,FPCN,6
141,FPCN,6
142,FPCN,6
143,FPCN,6
144,FPCN,6
145,FPCN,6
146,FPCN,6
147,FPCN,6
148,FPCN,6
149,DMN,7
150,DMN,7
151,DMN,7
152,DMN,7
153,DMN,7
154,DMN,7
155,DMN,7
156,DMN,7
157,DMN,7
158,DMN,7
159,DMN,7
160,DMN,7
161,DMN,7
162,DMN,7
163,DMN,7
164,DMN,7
165,DMN,7
166,DMN,7
167,DMN,7
168,DMN,7
169,DMN,7
170,DMN,7
171,DMN,7
172,DMN,7
173,DMN,7
174,DMN,7
175,DMN,7
176,DMN,7
177,DMN,7
178,DMN,7
179,DMN,7
180,DMN,7
181,DMN,7
182,DMN,7
183,DMN,7
184,DMN,7
185,DMN,7
186,DMN,7
187,DMN,7
188,DMN,7
189,DMN,7
190,DMN,7
191,DMN,7
192,DMN,7
193,DMN,7
194,DMN,7
195,DMN,7
196,DMN,7
197,DMN,7
198,DMN,7
199,DMN,7
200,DMN,7
201,Visual,1
202,Visual,1
203,Visual,1
204,Visual,1
205,Visual,1
206,Visual,1
207,Visual,1
208,Visual,1
209,Visual,1
210,Visual,1
211,Visual,1
212,Visual,1
213,Visual,1
214,Visual,1
215,Visual,1
216,Visual,1
217,Visual,1
218,Visual,1
219,Visual,1
220,Visual,1
221,Visual,1
222,Visual,1
223,Visual,1
224,Visual,1
225,Visual,1
226,Visual,1
227,Visual,1
228,Visual,1
229,Visual,1
230,Visual,1
231,SMA,2
232,SMA,2
233,SMA,2
234,SMA,2
235,SMA,2
236,SMA,2
237,SMA,2
238,SMA,2
239,SMA,2
240,SMA,2
241,SMA,2
242,SMA,2
243,SMA,2
244,SMA,2
245,SMA,2
246,SMA,2
247,SMA,2
248,SMA,2
249,SMA,2
250,SMA,2
251,SMA,2
252,SMA,2
253,SMA,2
254,SMA,2
255,SMA,2
256,SMA,2
257,SMA,2
258,SMA,2
259,SMA,2
260,SMA,2
261,SMA,2
262,SMA,2
263,SMA,2
264,SMA,2
265,SMA,2
266,SMA,2
267,SMA,2
268,SMA,2
269,SMA,2
270,SMA,2
271,DA,3
272,DA,3
273,DA,3
274,DA,3
275,DA,3
276,DA,3
277,DA,3
278,DA,3
279,DA,3
280,DA,3
281,DA,3
282,DA,3
283,DA,3
284,DA,3
285,DA,3
286,DA,3
287,DA,3
288,DA,3
289,DA,3
290,DA,3
291,DA,3
292,DA,3
293,DA,3
294,VA,4
295,VA,4
296,VA,4
297,VA,4
298,VA,4
299,VA,4
300,VA,4
301,VA,4
302,VA,4
303,VA,4
304,VA,4
305,VA,4
306,VA,4
307,VA,4
308,VA,4
309,VA,4
310,VA,4
311,VA,4
312,VA,4
313,VA,4
314,VA,4
315,VA,4
316,VA,4
317,VA,4
318,VA,4
319,Limbic,5
320,Limbic,5
321,Limbic,5
322,Limbic,5
323,Limbic,5
324,Limbic,5
325,Limbic,5
326,Limbic,5
327,Limbic,5
328,Limbic,5
329,Limbic,5
330,Limbic,5
331,Limbic,5
332,FPCN,6
333,FPCN,6
334,FPCN,6
335,FPCN,6
336,FPCN,6
337,FPCN,6
338,FPCN,6
339,FPCN,6
340,FPCN,6
341,FPCN,6
342,FPCN,6
343,FPCN,6
344,FPCN,6
345,FPCN,6
346,FPCN,6
347,FPCN,6
348,FPCN,6
349,FPCN,6
350,FPCN,6
351,FPCN,6
352,FPCN,6
353,FPCN,6
354,FPCN,6
355,FPCN,6
356,FPCN,6
357,FPCN,6
358,FPCN,6
359,FPCN,6
360,FPCN,6
361,FPCN,6
362,DMN,7
363,DMN,7
364,DMN,7
365,DMN,7
366,DMN,7
367,DMN,7
368,DMN,7
369,DMN,7
370,DMN,7
371,DMN,7
372,DMN,7
373,DMN,7
374,DMN,7
375,DMN,7
376,DMN,7
377,DMN,7
378,DMN,7
379,DMN,7
380,DMN,7
381,DMN,7
382,DMN,7
383,DMN,7
384,DMN,7
385,DMN,7
386,DMN,7
387,DMN,7
388,DMN,7
389,DMN,7
390,DMN,7
391,DMN,7
392,DMN,7
393,DMN,7
394,DMN,7
395,DMN,7
396,DMN,7
397,DMN,7
398,DMN,7
399,DMN,7
400,DMN,7
