group,subject,pre,post
CG,1,27,27
CG,2,28,26
CG,3,29,28
CG,4,29,29
CG,5,25,25
CG,6,27,25
CG,7,26,25
CG,8,27,29
CG,9,28,28
CG,10,25,26
CG,11,29,29
CG,12,28,29
CG,13,30,30
CG,14,24,23
CG,15,21,22
CG,16,22,26
CG,17,27,29
CG,18,22,23
CG,19,26,28
CG,20,28,29
CG,21,23,23
CG,22,27,27
CG,23,25,29
CG,24,26,26
CG,25,26,28
CG,39,26,23
CG,40,26,28
CG,41,27,25
CG,42,26,28
CG,43,23,24
CG,44,26,27
CG,45,23,27
CG,46,27,25
CG,47,28,25
CG,48,28,26
CG,49,28,28
CG,50,23,27
CG,51,26,26
CG,52,26,27
CG,53,24,22
CG,54,23,25
CG,55,22,23
CG,56,26,29
CG,57,28,24
CG,58,25,23
CG,59,29,27
TG,60,27,29
TG,61,28,29
TG,62,25,28
TG,63,27,28
TG,64,23,26
TG,65,22,24
TG,66,30,30
TG,67,25,25
TG,68,27,28
TG,69,28,28
TG,70,25,26
TG,71,25,26
TG,72,25,25
TG,73,26,26
TG,74,26,28
TG,75,28,27
TG,76,26,28
TG,77,25,29
TG,78,29,29
TG,79,25,26
TG,80,30,29
TG,81,22,26
TG,82,24,25
TG,83,30,30
TG,84,24,23
TG,85,24,29
TG,86,29,30
TG,87,25,26
TG,88,23,20
TG,89,30,29
TG,90,27,29
TG,91,26,28
TG,107,29,30
TG,108,27,26
TG,109,27,28
TG,110,25,25
TG,111,25,29
TG,112,25,29
TG,113,28,27
TG,114,23,25
TG,115,25,26
TG,116,24,26
TG,117,27,27
TG,118,23,26
TG,119,22,26
TG,120,27,28
TG,121,26,26
TG,122,25,27
TG,123,28,28
TG,124,22,25
TG,125,24,23
TG,126,24,24
TG,127,29,30
TG,128,27,29
TG,129,25,27
TG,130,25,25
TG,131,27,25
TG,132,25,26
TG,133,31,30
TG,134,24,25
TG,135,24,22
TG,136,27,27
TG,137,28,28
TG,138,29,29
TG,139,26,22
TG,140,29,30
TG,141,20,22
TG,142,24,22
TG,143,29,29
TG,144,24,25
TG,145,30,30
TG,146,23,22
TG,147,25,26
TG,148,27,30
TG,149,26,28
TG,150,26,24
TG,151,26,27
TG,152,26,28
TG,153,28,29
TG,154,28,29
TG,155,27,28
TG,156,30,30
TG,157,29,29
TG,158,24,28
TG,159,26,30
TG,160,23,25
TG,161,23,28
TG,162,24,26
TG,163,28,28
TG,164,27,28
TG,165,28,27
TG,166,28,29
TG,167,29,29
TG,168,29,29
TG,169,26,29
TG,170,25,25
TG,171,26,29
