Moca,Group
2,High
1,Low
3,High
1,High
3,Low
2,Low
0,Low
0,High
1,High
0,High
1,Low
1,Low
0,Low
0,High
2,High
-1,Low
2,High
4,High
0,Low
1,Low
-1,Low
4,Low
1,High
0,Low
-1,Low
5,High
1,Low
1,Low
-3,Low
-1,Low
2,High
2,High
,High
,High
,Low
,High
,Low
,Low
,High
,Low
,Low
,High
,Low
,High
,Low
,High
,Low
1,High
-1,High
1,High
0,High
4,High
4,Low
-1,Low
2,High
1,Low
2,High
0,Low
3,High
4,Low
1,Low
0,High
2,Low
0,High
3,High
-1,High
0,Low
1,Low
2,High
2,High
0,High
-2,High
1,High
0,Low
1,High
-2,Low
0,Low
0,High
0,Low
-4,High
1,High
2,Low
-2,Low
0,High
1,Low
0,Low
-1,Low
1,Low
3,High
2,Low
-2,Low
1,High
2,Low
1,High
1,High
1,Low
0,Low
0,High
4,High
4,Low
2,High
5,High
2,High
0,Low
1,High
-1,Low
1,High
0,Low
0,High
3,Low
0,Low
3,High
