group,time,subject,site,age,sex,edu,fd,fluency,Moca,DSF,DSB
CG,0,1,3,64,1,15,0.259024327,56,27,8,5
CG,0,2,3,66,0,18,0.164771058,53,28,8,5
CG,0,3,3,72,1,12,0.121329851,35,29,8,5
CG,0,4,3,60,1,19,0.251296038,51,29,7,4
CG,0,5,3,73,1,10,0.19493082,39,25,8,4
CG,0,6,3,71,1,9,0.179087738,37,27,5,5
CG,0,7,3,74,1,16,0.182110891,28,26,6,4
CG,0,8,3,75,0,18,0.302423054,30,27,6,4
CG,0,9,3,75,1,18,0.209895014,55,28,9,8
CG,0,10,3,78,0,17,0.161709414,55,25,9,8
CG,0,11,3,76,0,12,0.300275121,45,29,6,3
CG,0,12,3,79,1,16,0.272673253,51,28,8,5
CG,0,13,4,70,0,11,0.136018233,55,30,7,4
CG,0,14,4,79,0,20,0.285250361,48,24,8,4
CG,0,15,4,75,1,8,0.314928464,30,21,4,2
CG,0,16,4,76,0,18,0.205918427,32,22,7,3
CG,0,17,4,75,0,16,0.073233114,26,27,9,5
CG,0,18,4,70,1,13,0.142716242,21,22,7,3
CG,0,19,4,67,0,17,0.165522412,63,26,7,4
CG,0,20,4,73,0,16,0.118811803,33,28,8,4
CG,0,21,4,63,1,13,0.248925776,31,23,7,4
CG,0,22,4,73,0,17,0.206468326,57,27,8,6
CG,0,23,4,69,1,17,0.173210861,61,25,8,5
CG,0,24,4,75,0,12,0.194246149,51,26,9,4
CG,0,25,4,70,1,15,0.14727781,28,26,7,5
CG,0,26,5,56,1,12,0.093246198,50,,8,7
CG,0,27,5,59,1,11,0.161626841,31,,9,4
CG,0,28,5,64,1,9,0.060802495,35,,5,3
CG,0,29,5,61,1,9,0.150118097,43,,8,3
CG,0,30,5,63,1,5,0.238549665,44,,5,4
CG,0,31,5,66,1,12,0.158026236,54,,8,4
CG,0,32,5,66,1,15,0.1323446,48,,9,5
CG,0,33,5,72,1,10,0.125717787,50,,8,4
CG,0,34,5,57,1,16,0.125263343,66,,8,7
CG,0,35,5,59,1,12,0.103242384,42,,8,6
CG,0,36,5,68,1,16,0.154105675,52,,9,8
CG,0,37,5,62,1,9,0.147867235,41,,7,3
CG,0,38,5,64,1,7,0.143068481,44,,9,4
CG,0,39,7,70,1,9,0.159168567,47,26,8,4
CG,0,40,7,64,1,16,0.094785651,53,26,8,4
CG,0,41,7,69,1,9,0.12941188,43,27,6,4
CG,0,42,7,74,1,12,0.147653594,34,26,9,7
CG,0,43,7,70,1,9,0.096924587,39,23,8,6
CG,0,44,7,67,1,11,0.092734873,32,26,5,4
CG,0,45,7,63,1,16,0.191182647,37,23,9,6
CG,0,46,7,61,1,16,0.10385623,50,27,9,4
CG,0,47,7,64,0,12,0.106524683,88,28,11,4
CG,0,48,7,61,1,15,0.126408324,44,28,8,5
CG,0,49,7,56,1,10,0.11052543,48,28,5,5
CG,0,50,7,59,0,13,0.210630414,45,23,7,5
CG,0,51,7,60,1,9,0.156660964,41,26,6,4
CG,0,52,7,57,1,12,0.147384143,48,26,7,3
CG,0,53,7,56,1,12,0.110435328,44,24,8,3
CG,0,54,7,69,0,10,0.074845192,53,23,6,5
CG,0,55,7,60,1,9,0.065470651,41,22,5,3
CG,0,56,7,65,1,9,0.169553382,40,26,7,5
CG,0,57,7,61,1,16,0.122903591,40,28,8,7
CG,0,58,7,64,1,9,0.13951187,30,25,5,5
CG,0,59,7,59,1,10,0.096388958,56,29,8,5
CG,1,1,3,64,1,15,0.174550051,65,27,9,7
CG,1,2,3,66,0,18,0.236238882,47,26,8,4
CG,1,3,3,72,1,12,0.297169424,36,28,8,5
CG,1,4,3,60,1,19,0.289971053,53,29,6,4
CG,1,5,3,73,1,10,0.158572611,45,25,7,3
CG,1,6,3,71,1,9,0.190729451,48,25,6,3
CG,1,7,3,74,1,16,0.179170806,41,25,8,5
CG,1,8,3,75,0,18,0.116039186,35,29,7,5
CG,1,9,3,75,1,18,0.333627025,55,28,9,8
CG,1,10,3,78,0,17,0.139017481,46,26,7,6
CG,1,11,3,76,0,12,0.260881955,47,29,6,4
CG,1,12,3,79,1,16,0.145296376,57,29,8,4
CG,1,13,4,70,0,11,0.162388452,48,30,6,3
CG,1,14,4,79,0,20,0.243522117,52,23,6,6
CG,1,15,4,75,1,8,0.237186119,38,22,5,3
CG,1,16,4,76,0,18,0.202050354,38,26,6,3
CG,1,17,4,75,0,16,0.07361856,45,29,8,5
CG,1,18,4,70,1,13,0.148048536,40,23,8,5
CG,1,19,4,67,0,17,0.176456327,57,28,9,4
CG,1,20,4,73,0,16,0.099696435,41,29,9,5
CG,1,21,4,63,1,13,0.336335151,29,23,8,3
CG,1,22,4,73,0,17,0.217199722,57,27,8,7
CG,1,23,4,69,1,17,0.156770579,57,29,8,7
CG,1,24,4,75,0,12,0.220250569,44,26,8,4
CG,1,25,4,70,1,15,0.173052994,50,28,7,5
CG,1,26,5,56,1,12,0.125972498,50,,9,8
CG,1,27,5,59,1,11,0.147893221,26,,8,3
CG,1,28,5,64,1,9,0.098579131,44,,5,3
CG,1,29,5,61,1,9,0.110738676,53,,6,4
CG,1,30,5,63,1,5,0.269754381,53,,7,3
CG,1,31,5,66,1,12,0.121054673,61,,9,5
CG,1,32,5,66,1,15,0.128470727,38,,9,6
CG,1,33,5,72,1,10,0.1186398,32,,7,4
CG,1,34,5,57,1,16,0.156542562,54,,10,6
CG,1,35,5,59,1,12,0.130389111,43,,9,5
CG,1,36,5,68,1,16,0.189987413,64,,9,8
CG,1,37,5,62,1,9,0.161622408,32,,8,4
CG,1,38,5,64,1,7,0.1224988,45,,9,6
CG,1,39,7,70,1,9,0.177996679,44,23,6,5
CG,1,40,7,64,1,16,0.088895156,51,28,8,3
CG,1,41,7,69,1,9,0.15673331,45,25,8,4
CG,1,42,7,74,1,12,0.12426179,38,28,7,5
CG,1,43,7,70,1,9,0.117974696,35,24,8,4
CG,1,44,7,67,1,11,0.079963116,36,27,5,4
CG,1,45,7,63,1,16,0.212224318,36,27,9,6
CG,1,46,7,61,1,16,0.102509958,50,25,8,4
CG,1,47,7,64,0,12,0.157932533,73,25,10,4
CG,1,48,7,61,1,15,0.142915331,35,26,7,7
CG,1,49,7,56,1,10,0.110532144,47,28,6,4
CG,1,50,7,59,0,13,0.247937131,38,27,8,5
CG,1,51,7,60,1,9,0.173094785,50,26,6,3
CG,1,52,7,57,1,12,0.156639746,45,27,8,4
CG,1,53,7,56,1,12,0.09992748,40,22,8,4
CG,1,54,7,69,0,10,0.08545913,49,25,8,5
CG,1,55,7,60,1,9,0.060830864,54,23,5,4
CG,1,56,7,65,1,9,0.154271615,37,29,8,5
CG,1,57,7,61,1,16,0.145960496,35,24,8,6
CG,1,58,7,64,1,9,0.216060284,24,23,7,4
CG,1,59,7,59,1,10,0.064791682,46,27,8,5
TG,0,60,3,74,1,17,0.14349959,70,27,6,3
TG,0,61,3,78,1,18,0.284426282,53,28,8,8
TG,0,62,3,75,1,12,0.16839262,45,25,7,4
TG,0,63,3,67,1,16,0.125717092,48,27,7,4
TG,0,64,3,74,1,17,0.267563596,34,23,8,5
TG,0,65,3,80,1,14,0.1877904,43,22,6,4
TG,0,66,3,76,1,15,0.24306884,59,30,10,6
TG,0,67,3,75,0,17,0.124614032,45,25,6,4
TG,0,68,3,67,0,17,0.143606064,49,27,9,4
TG,0,69,3,72,1,15,0.209979413,32,28,7,5
TG,0,70,3,77,0,17,0.190239802,25,25,8,5
TG,0,71,3,77,1,9,0.25061061,39,25,7,4
TG,0,72,3,75,1,16,0.191784834,30,25,5,3
TG,0,73,3,74,1,15,0.165536323,43,26,5,6
TG,0,74,3,75,0,17,0.318443203,52,26,8,5
TG,0,75,3,76,1,18,0.262805696,54,28,7,7
TG,0,76,4,76,1,16,0.16731807,42,26,8,4
TG,0,77,4,64,1,13,0.199481802,46,25,7,8
TG,0,78,4,62,0,9,0.201600488,44,29,7,3
TG,0,79,4,75,0,17,0.154222532,37,25,6,4
TG,0,80,4,71,0,16,0.173695208,36,30,8,4
TG,0,81,4,61,0,9,0.338209765,34,22,8,5
TG,0,82,4,73,1,17,0.183402403,41,24,7,5
TG,0,83,4,66,0,15,0.176881002,60,30,10,8
TG,0,84,4,71,0,3,0.127593088,31,24,6,4
TG,0,85,4,69,1,12,0.100455923,67,24,8,5
TG,0,86,4,64,0,12,0.163759691,37,29,8,6
TG,0,87,4,65,0,13,0.188855062,49,25,5,4
TG,0,88,4,79,1,12,0.146550509,32,23,7,4
TG,0,89,4,64,1,13,0.150419388,46,30,8,8
TG,0,90,4,63,1,16,0.103278714,51,27,7,6
TG,0,91,4,74,0,19,0.215893737,43,26,10,9
TG,0,92,5,71,0,15,0.134398685,44,,9,4
TG,0,93,5,61,1,9,0.219856719,47,,8,5
TG,0,94,5,65,1,15,0.150365341,57,,9,8
TG,0,95,5,74,1,10,0.070077672,48,,9,4
TG,0,96,5,53,1,12,0.141622367,41,,4,6
TG,0,97,5,56,1,12,0.154254897,39,,8,5
TG,0,98,5,61,1,12,0.288723196,44,,8,5
TG,0,99,5,61,1,14,0.137568721,51,,8,4
TG,0,100,5,66,1,10,0.121650484,43,,10,6
TG,0,101,5,59,1,12,0.079759298,57,,9,4
TG,0,102,5,60,1,16,0.103440409,51,,8,4
TG,0,103,5,61,1,15,0.173430963,38,,9,5
TG,0,104,5,60,1,15,0.182605067,43,,9,5
TG,0,105,5,68,1,9,0.236315626,21,,6,2
TG,0,106,5,69,1,15,0.279984564,46,,8,6
TG,0,107,7,66,1,12,0.094472338,40,29,7,5
TG,0,108,7,65,1,9,0.087043623,42,27,8,5
TG,0,109,7,70,1,14,0.146157672,52,27,8,5
TG,0,110,7,66,1,9,0.081516777,42,25,5,4
TG,0,111,7,66,1,9,0.143549297,18,25,8,6
TG,0,112,7,57,1,10,0.06547094,41,25,8,4
TG,0,113,7,67,0,9,0.195925593,44,28,10,5
TG,0,114,7,63,1,9,0.088162453,48,23,7,4
TG,0,115,7,61,1,11,0.12440806,47,25,8,4
TG,0,116,7,63,1,10,0.11550216,39,24,7,4
TG,0,117,7,69,1,9,0.123611578,58,27,9,9
TG,0,118,7,57,1,13,0.047859733,37,23,8,5
TG,0,119,7,72,1,12,0.123177906,26,22,7,4
TG,0,120,7,56,1,14.5,0.092961307,42,27,10,8
TG,0,121,7,62,1,14,0.069460042,37,26,7,6
TG,0,122,7,64,1,10,0.103992363,52,25,6,3
TG,0,123,7,66,1,12,0.075057392,38,28,9,8
TG,0,124,7,65,1,9,0.082763178,45,22,5,3
TG,0,125,7,65,1,12,0.082341041,37,24,8,6
TG,0,126,7,56,1,12,0.30515102,40,24,6,5
TG,0,127,7,62,0,11.5,0.156891743,49,29,8,4
TG,0,128,7,60,1,13,0.084977615,45,27,8,5
TG,0,129,7,59,1,13,0.041853943,46,25,7,6
TG,0,130,7,55,1,11,0.073219897,35,25,8,4
TG,0,131,7,62,1,12,0.139182281,34,27,7,4
TG,0,132,7,64,1,9,0.108646549,45,25,5,5
TG,0,133,7,69,1,9,0.08171507,23,30,6,6
TG,0,134,7,63,1,9,0.129056989,36,24,5,3
TG,0,135,7,63,0,9,0.141316704,26,24,5,5
TG,0,136,7,65,1,9,0.179450364,35,27,8,4
TG,0,137,7,68,0,10,0.169371572,35,28,6,3
TG,0,138,7,69,1,10.5,0.100452451,51,29,6,5
TG,0,139,7,61,1,10,0.108562961,40,26,7,3
TG,0,140,7,61,1,12,0.069356865,39,29,7,5
TG,0,141,7,62,1,12,0.126152247,39,20,8,4
TG,0,142,7,58,1,10,0.175998149,29,24,7,4
TG,0,143,7,63,1,13,0.208336019,37,29,7,6
TG,0,144,7,55,0,10,0.119438288,37,24,9,4
TG,0,145,7,56,1,15,0.064443407,54,30,9,10
TG,0,146,7,73,1,12,0.054979244,49,23,8,4
TG,0,147,7,69,1,9,0.108395018,46,25,7,4
TG,0,148,7,57,0,14,0.117538089,53,27,12,10
TG,0,149,7,63,0,15,0.06680088,40,26,6,7
TG,0,150,7,56,1,15,0.065674564,50,26,9,5
TG,0,151,7,68,1,9,0.143513496,49,26,9,7
TG,0,152,7,72,0,9,0.072695896,39,26,9,4
TG,0,153,7,66,0,11.5,0.086970538,34,28,6,4
TG,0,154,7,71,1,13,0.093544868,49,28,8,6
TG,0,155,7,65,0,13,0.077284702,43,27,6,5
TG,0,156,7,63,1,9,0.092233166,52,30,8,7
TG,0,157,7,66,1,9.5,0.098211473,55,29,8,6
TG,0,158,7,59,1,12,0.269948078,45,24,7,5
TG,0,159,7,62,1,13,0.084383633,53,26,9,3
TG,0,160,7,57,1,15,0.133585238,38,23,9,7
TG,0,161,7,58,1,14,0.077033575,46,23,8,6
TG,0,162,7,62,1,9,0.098505032,47,24,8,5
TG,0,163,7,57,1,10,0.082160031,48,28,8,5
TG,0,164,7,58,1,10,0.046290891,48,27,6,6
TG,0,165,7,62,0,11,0.052668359,63,28,8,4
TG,0,166,7,61,1,15,0.059070144,54,28,10,8
TG,0,167,7,64,0,12.5,0.089884624,47,29,8,5
TG,0,168,7,64,1,14,0.064641111,42,29,8,8
TG,0,169,7,63,1,14,0.053384871,48,26,8,4
TG,0,170,7,67,1,15,0.145201809,46,25,9,6
TG,0,171,7,66,0,14,0.06624704,40,26,6,6
TG,1,60,3,74,1,17,0.248447941,66,29,5,4
TG,1,61,3,78,1,18,0.276434293,48,29,8,7
TG,1,62,3,75,1,12,0.231006375,47,28,7,4
TG,1,63,3,67,1,16,0.27254409,54,28,8,4
TG,1,64,3,74,1,17,0.139024751,35,26,8,4
TG,1,65,3,80,1,14,0.154945834,51,24,8,5
TG,1,66,3,76,1,15,0.146523528,62,30,9,8
TG,1,67,3,75,0,17,0.179058853,48,25,6,5
TG,1,68,3,67,0,17,0.168267851,72,28,9,5
TG,1,69,3,72,1,15,0.088427644,32,28,8,5
TG,1,70,3,77,0,17,0.151553382,33,26,9,5
TG,1,71,3,77,1,9,0.227758018,42,26,7,4
TG,1,72,3,75,1,16,0.159345849,36,25,6,3
TG,1,73,3,74,1,15,0.218692764,44,26,7,5
TG,1,74,3,75,0,17,0.257106052,52,28,8,4
TG,1,75,3,76,1,18,0.202812124,56,27,8,6
TG,1,76,4,76,1,16,0.107666775,44,28,5,5
TG,1,77,4,64,1,13,0.169529901,48,29,8,7
TG,1,78,4,62,0,9,0.209078261,51,29,6,5
TG,1,79,4,75,0,17,0.170298031,57,26,8,3
TG,1,80,4,71,0,16,0.227156331,49,29,8,4
TG,1,81,4,61,0,9,0.357919732,47,26,8,7
TG,1,82,4,73,1,17,0.135151307,43,25,8,4
TG,1,83,4,66,0,15,0.173966254,72,30,10,10
TG,1,84,4,71,0,3,0.144850939,34,23,6,3
TG,1,85,4,69,1,12,0.174575102,58,29,8,5
TG,1,86,4,64,0,12,0.145663141,35,30,8,5
TG,1,87,4,65,0,13,0.186605542,53,26,5,4
TG,1,88,4,79,1,12,0.188532286,35,20,7,3
TG,1,89,4,64,1,13,0.122957583,50,29,8,6
TG,1,90,4,63,1,16,0.123892982,42,29,7,5
TG,1,91,4,74,0,19,0.197150658,69,28,11,8
TG,1,92,5,71,0,15,0.112537226,25,,8,5
TG,1,93,5,61,1,9,0.181596012,47,,8,7
TG,1,94,5,65,1,15,0.158350893,57,,8,6
TG,1,95,5,74,1,10,0.093083948,48,,9,3
TG,1,96,5,53,1,12,0.108963307,41,,7,6
TG,1,97,5,56,1,12,0.188726639,39,,5,4
TG,1,98,5,61,1,12,0.257545979,44,,8,4
TG,1,99,5,61,1,14,0.134623109,51,,9,5
TG,1,100,5,66,1,10,0.17074892,43,,9,5
TG,1,101,5,59,1,12,0.043701288,57,,6,4
TG,1,102,5,60,1,16,0.135684139,51,,8,5
TG,1,103,5,61,1,15,0.219500732,38,,8,5
TG,1,104,5,60,1,15,0.16155914,43,,10,6
TG,1,105,5,68,1,9,0.19618771,21,,8,4
TG,1,106,5,69,1,15,0.301703813,46,,8,6
TG,1,107,7,66,1,12,0.085569795,40,30,8,6
TG,1,108,7,65,1,9,0.063068653,55,26,8,3
TG,1,109,7,70,1,14,0.112282473,54,28,8,5
TG,1,110,7,66,1,9,0.088942261,28,25,7,3
TG,1,111,7,66,1,9,0.172309265,58,29,8,6
TG,1,112,7,57,1,10,0.063534779,50,29,8,8
TG,1,113,7,67,0,9,0.284198974,41,27,9,5
TG,1,114,7,63,1,9,0.099447223,53,25,7,7
TG,1,115,7,61,1,11,0.112398783,37,26,8,4
TG,1,116,7,63,1,10,0.101389867,35,26,7,4
TG,1,117,7,69,1,9,0.140535247,66,27,11,8
TG,1,118,7,57,1,13,0.069642833,29,26,8,6
TG,1,119,7,72,1,12,0.104739862,37,26,8,5
TG,1,120,7,56,1,14.5,0.086233667,54,28,8,8
TG,1,121,7,62,1,14,0.102743516,36,26,8,4
TG,1,122,7,64,1,10,0.138979689,54,27,6,4
TG,1,123,7,66,1,12,0.10593811,35,28,8,7
TG,1,124,7,65,1,9,0.107990185,46,25,5,5
TG,1,125,7,65,1,12,0.102488417,42,23,8,6
TG,1,126,7,56,1,12,0.310452819,49,24,7,3
TG,1,127,7,62,0,11.5,0.176474081,56,30,9,6
TG,1,128,7,60,1,13,0.109902344,35,29,8,5
TG,1,129,7,59,1,13,0.095657231,38,27,7,2
TG,1,130,7,55,1,11,0.08668502,33,25,8,4
TG,1,131,7,62,1,12,0.101446241,36,25,6,4
TG,1,132,7,64,1,9,0.085498852,36,26,6,5
TG,1,133,7,69,1,9,0.104382802,43,30,7,5
TG,1,134,7,63,1,9,0.179961086,42,25,6,3
TG,1,135,7,63,0,9,0.107010456,40,22,9,5
TG,1,136,7,65,1,9,0.186958443,38,27,8,4
TG,1,137,7,68,0,10,0.159137263,37,28,6,3
TG,1,138,7,69,1,10.5,0.102393293,50,29,8,6
TG,1,139,7,61,1,10,0.115934042,50,22,6,3
TG,1,140,7,61,1,12,0.09003307,38,30,6,4
TG,1,141,7,62,1,12,0.197219161,29,22,7,3
TG,1,142,7,58,1,10,0.094656422,29,22,7,5
TG,1,143,7,63,1,13,0.23944092,36,29,8,7
TG,1,144,7,55,0,10,0.113250233,45,25,9,5
TG,1,145,7,56,1,15,0.08398089,51,30,10,7
TG,1,146,7,73,1,12,0.080881663,49,22,6,4
TG,1,147,7,69,1,9,0.102102899,49,26,7,5
TG,1,148,7,57,0,14,0.216983787,60,30,12,6
TG,1,149,7,63,0,15,0.076222702,31,28,7,7
TG,1,150,7,56,1,15,0.063611297,47,24,9,4
TG,1,151,7,68,1,9,0.165452538,51,27,9,5
TG,1,152,7,72,0,9,0.128564929,46,28,9,4
TG,1,153,7,66,0,11.5,0.147721577,42,29,6,5
TG,1,154,7,71,1,13,0.132845855,42,29,8,7
TG,1,155,7,65,0,13,0.093073982,48,28,7,7
TG,1,156,7,63,1,9,0.094513778,52,30,8,7
TG,1,157,7,66,1,9.5,0.105613469,60,29,9,5
TG,1,158,7,59,1,12,0.173851035,37,28,7,5
TG,1,159,7,62,1,13,0.068935178,46,30,8,5
TG,1,160,7,57,1,15,0.100482792,47,25,10,8
TG,1,161,7,58,1,14,0.090314141,44,28,8,7
TG,1,162,7,62,1,9,0.153388757,43,26,8,8
TG,1,163,7,57,1,10,0.185497557,45,28,7,3
TG,1,164,7,58,1,10,0.06032076,53,28,8,5
TG,1,165,7,62,0,11,0.067563468,57,27,8,4
TG,1,166,7,61,1,15,0.098389979,49,29,9,8
TG,1,167,7,64,0,12.5,0.120213646,46,29,8,6
TG,1,168,7,64,1,14,0.069828404,52,29,9,7
TG,1,169,7,63,1,14,0.072075748,48,29,8,4
TG,1,170,7,67,1,15,0.159041319,47,25,9,7
TG,1,171,7,66,0,14,0.113541291,47,29,8,9
