region,FCSwithin,FCSbetween,Group,paired
1,0.294019426,-1.547881771,CG,1
2,-0.179893282,-0.487718481,CG,2
3,1.36383571,-1.510544365,CG,3
4,-0.29210485,-0.321753068,CG,4
5,0.86056682,-3.729216915,CG,5
6,0.99314711,-0.585361722,CG,6
7,0.690135387,1.695318814,CG,7
8,0.27628061,-2.634975225,CG,8
9,-0.89512862,-1.573237136,CG,9
10,0.24507766,-4.263573853,CG,10
11,0.59764061,-0.359684678,CG,11
12,-0.65099489,0.050236898,CG,12
13,-0.47061383,-1.066755677,CG,13
14,0.31725495,-1.41526213,CG,14
15,-1.38520146,2.25701628,CG,15
16,0.59585903,-1.238558908,CG,16
17,0.17799649,-1.784813159,CG,17
18,-0.01761949,2.901054559,CG,18
19,-1.13016359,-0.238908271,CG,19
20,-0.222109737,-1.521086599,CG,20
21,0.9380727,1.32838818,CG,21
22,0.01039688,-1.887730608,CG,22
23,0.97261189,-2.722751683,CG,23
24,0.65947188,-0.425258807,CG,24
25,1.13900308,-1.530174123,CG,25
26,0.81191583,0.690310798,CG,26
27,0.07448038,0.359685075,CG,27
28,0.743545476,2.529137341,CG,28
29,0.30669664,-2.990345169,CG,29
30,0.89174974,-3.031747647,CG,30
31,1.86456701,0.053297674,CG,31
32,0.054218951,-0.112239324,CG,32
33,0.90710399,0.278301782,CG,33
34,-0.719145408,-0.24274132,CG,34
35,0.69730735,0.20534103,CG,35
36,0.29964905,-2.390955316,CG,36
37,1.55821451,-0.305381541,CG,37
38,1.09417204,0.68627981,CG,38
39,0.23088837,-1.266425409,CG,39
40,0.12197394,0.2417154,CG,40
41,-0.75444348,1.026070455,CG,41
42,-2.01500903,1.027146858,CG,42
43,-0.79536664,-1.94129001,CG,43
44,0.60584777,2.255065173,CG,44
45,-1.36376647,-2.080908318,CG,45
46,-1.18758767,2.428163612,CG,46
47,0.18668784,-4.517807582,CG,47
48,-0.06784491,-0.998660437,CG,48
49,-2.01231436,1.707077989,CG,49
50,-1.17161281,-3.172438712,CG,50
51,-1.98133119,0.42295172,CG,51
52,-2.53159047,0.160041388,CG,52
53,-2.55817689,-0.484750689,CG,53
54,-0.94549055,-0.804428693,CG,54
55,-0.00295569,2.294305902,CG,55
56,-1.13287023,2.690434617,CG,56
57,-2.02026421,-0.601488213,CG,57
58,-1.02772048,0.46713636,CG,58
59,-2.57213109,-1.336396407,CG,59
60,-0.86588667,0.705541508,CG,60
61,0.0012579,2.588050323,CG,61
62,-2.07109098,-2.675113652,CG,62
63,-2.13712562,-1.218432564,CG,63
64,-3.02042154,1.734759195,CG,64
65,-0.82005169,3.290343899,CG,65
66,-1.8717955,-0.580193764,CG,66
67,-0.97712997,-1.180029824,CG,67
68,-1.18247025,1.679285018,CG,68
69,-0.805959063,-2.02334639,CG,69
70,0.480286724,0.931124645,CG,70
71,-0.098258868,3.360199573,CG,71
72,-0.305581817,2.26865075,CG,72
73,0.443533746,3.886426913,CG,73
74,0.21919339,0.579346585,CG,74
75,1.01062258,2.235629663,CG,75
76,-0.057556311,-3.087708936,CG,76
77,0.19983155,0.938436326,CG,77
78,0.35703793,0.941583503,CG,78
79,0.81030601,-1.408657899,CG,79
80,1.14695543,1.639761743,CG,80
81,0.30918957,2.421021545,CG,81
82,1.03068041,-2.803299068,CG,82
83,0.31508947,-0.7517688,CG,83
84,0.49674597,-0.532179608,CG,84
85,0.53846272,0.46721441,CG,85
86,0.037611562,-2.558879356,CG,86
87,0.096694285,1.241782734,CG,87
88,1.281285589,-0.468738597,CG,88
89,-0.774631308,2.902514417,CG,89
90,0.160351705,1.604214342,CG,90
91,0.11431329,-0.360122648,CG,91
92,0.05320573,-1.496704767,CG,92
93,-0.66658962,-1.410573289,CG,93
94,0.474853274,1.161600542,CG,94
95,-1.63864509,2.994259831,CG,95
96,-0.336674364,0.779457091,CG,96
97,0.533043067,-1.206574422,CG,97
98,-0.58659085,0.63972052,CG,98
99,-0.928843358,0.98455498,CG,99
100,-0.00903558,-0.24124648,CG,100
101,-0.78208276,2.361488971,CG,101
102,0.90682881,0.58389497,CG,102
103,-1.214908738,0.830084228,CG,103
104,-0.50188967,-1.374347289,CG,104
105,-0.046998362,0.206015661,CG,105
106,-0.87226892,3.06153238,CG,106
107,-2.04380289,0.64936879,CG,107
108,0.45143551,-0.67813413,CG,108
109,-0.39196265,-1.19782534,CG,109
110,-0.10206708,-0.146674297,CG,110
111,-1.653706637,-1.15772305,CG,111
112,-1.583760613,1.68915362,CG,112
113,-0.708616092,4.140493547,CG,113
114,-0.650544844,2.633665556,CG,114
115,0.206492897,1.243175253,CG,115
116,0.485043939,2.451342235,CG,116
117,0.506511736,2.956716378,CG,117
118,0.061443163,-0.172714422,CG,118
119,0.760840034,-1.654322315,CG,119
120,0.076453078,-1.826928328,CG,120
121,0.102453116,-0.610435435,CG,121
122,0.195070073,-1.874321969,CG,122
123,-0.149928615,-0.990425096,CG,123
124,0.040214116,-2.981402895,CG,124
125,0.620982202,-1.53847437,CG,125
126,0.569548957,-1.995276477,CG,126
127,2.065259323,-1.098249372,CG,127
128,-1.365378676,3.829811772,CG,128
129,-0.31762976,3.022584871,CG,129
130,1.19759689,-0.925388878,CG,130
131,0.45472902,-2.12310863,CG,131
132,-0.36994865,2.894527624,CG,132
133,0.682175917,0.116385478,CG,133
134,1.349759768,1.907705982,CG,134
135,2.005530656,-1.483154404,CG,135
136,1.496670017,0.611557694,CG,136
137,0.25627706,2.326415083,CG,137
138,-0.080829885,2.999817367,CG,138
139,0.06917638,2.143761782,CG,139
140,2.67743728,-3.931363531,CG,140
141,1.830402436,0.699959948,CG,141
142,-0.927580537,3.746338438,CG,142
143,1.20810855,-2.196011887,CG,143
144,0.391390459,-2.165772861,CG,144
145,-1.880155477,3.688065998,CG,145
146,-0.570862234,0.117633609,CG,146
147,0.50550859,-3.685237302,CG,147
148,1.237086103,0.296042569,CG,148
149,-0.85615897,-2.97566612,CG,149
150,-0.83053959,0.29737617,CG,150
151,-2.157678301,1.315613805,CG,151
152,0.47202289,1.59619372,CG,152
153,-0.45424966,2.120701465,CG,153
154,-0.48745173,-2.30972151,CG,154
155,-0.19194087,0.7358067,CG,155
156,1.075166823,4.395472945,CG,156
157,-0.75880416,-0.521756592,CG,157
158,-1.283298228,-2.257562992,CG,158
159,0.2021128,-2.02527016,CG,159
160,-0.4013309,-2.19080642,CG,160
161,0.43641746,1.133521016,CG,161
162,-2.26202967,-3.36457378,CG,162
163,-1.08548629,-2.11718873,CG,163
164,-0.85436079,0.35101875,CG,164
165,-1.81684629,0.58347201,CG,165
166,2.7978424,-5.68881658,CG,166
167,-0.284812522,0.529312827,CG,167
168,0.49398373,-0.59972446,CG,168
169,1.10680259,-1.446157196,CG,169
170,1.33569851,-2.87017763,CG,170
171,3.27989362,-4.804740021,CG,171
172,1.795410331,-3.529306902,CG,172
173,-0.0390492,1.00559497,CG,173
174,1.5710761,0.64397204,CG,174
175,1.356501633,-4.338398471,CG,175
176,-0.2574793,2.0415919,CG,176
177,0.837841119,1.533236664,CG,177
178,0.35450872,1.2167511,CG,178
179,0.20349559,-1.46357933,CG,179
180,-0.36811204,0.647308128,CG,180
181,-0.03152322,2.04337607,CG,181
182,-1.98299466,2.6238197,CG,182
183,0.13510419,-1.47169314,CG,183
184,0.68698336,3.26347898,CG,184
185,-0.007510023,-0.96076933,CG,185
186,-0.95163282,4.778072715,CG,186
187,0.68991659,6.391771479,CG,187
188,-0.40370589,1.89139702,CG,188
189,0.211794978,0.106156152,CG,189
190,-0.41871524,1.58323096,CG,190
191,-0.68531533,-0.68866392,CG,191
192,-0.27389869,0.87805993,CG,192
193,-1.40813246,0.068754639,CG,193
194,-2.49124189,1.44926232,CG,194
195,-1.61417513,-1.6840939,CG,195
196,-1.47294099,-2.08586769,CG,196
197,-0.59326974,2.46580818,CG,197
198,0.67537351,-0.253111997,CG,198
199,-0.74369028,1.33789933,CG,199
200,-2.11027705,1.81295022,CG,200
201,-0.06742118,-1.807246325,CG,201
202,0.63486188,-1.399852605,CG,202
203,0.68689608,0.044403238,CG,203
204,1.76802491,-0.017791777,CG,204
205,0.09891397,-2.413763458,CG,205
206,0.73127273,-2.333304592,CG,206
207,0.269509221,1.357097321,CG,207
208,-0.73901503,-0.962360113,CG,208
209,0.72019846,-0.780990792,CG,209
210,0.6839473,-2.9349004,CG,210
211,0.69487162,-2.617936439,CG,211
212,0.13027019,-3.018278719,CG,212
213,-0.53573327,0.454573936,CG,213
214,0.70410165,-4.226556159,CG,214
215,-0.15840545,1.906308711,CG,215
216,0.30426496,-0.307466452,CG,216
217,-0.67405606,-1.028156467,CG,217
218,0.08600024,-0.933574193,CG,218
219,-0.57430314,0.461354116,CG,219
220,0.57649573,-1.872445172,CG,220
221,-0.88422164,-1.671372072,CG,221
222,0.27134798,-3.081940004,CG,222
223,0.63521999,-1.267114457,CG,223
224,0.13611743,-1.64579981,CG,224
225,0.98313458,-2.532087462,CG,225
226,-0.05624346,-1.834563603,CG,226
227,-0.85060174,1.806532151,CG,227
228,0.71929949,-1.420727272,CG,228
229,0.09476958,-3.970522158,CG,229
230,0.58733259,1.314198923,CG,230
231,-0.49861404,1.95988692,CG,231
232,1.174870346,0.346113942,CG,232
233,1.08882775,-0.789988836,CG,233
234,-1.43631361,-1.567485189,CG,234
235,-0.49185239,-1.323105849,CG,235
236,-0.91563875,0.812063959,CG,236
237,0.23366429,1.182637058,CG,237
238,1.097841806,0.305087984,CG,238
239,-1.90760482,1.980800735,CG,239
240,-0.50813369,0.407188199,CG,240
241,-0.01355481,2.054276811,CG,241
242,-0.23953419,1.368677348,CG,242
243,-0.63978652,0.542569481,CG,243
244,-0.07769465,0.26442199,CG,244
245,-1.54631081,2.835156199,CG,245
246,-0.35415394,-0.171352019,CG,246
247,-0.52393639,2.920415476,CG,247
248,0.62508179,-0.597940575,CG,248
249,-0.27934372,1.078838798,CG,249
250,-0.5068153,2.504920939,CG,250
251,-0.20909223,0.421900006,CG,251
252,0.62092098,-0.290463162,CG,252
253,-0.3333986,2.558129771,CG,253
254,-0.61434399,1.363982876,CG,254
255,-2.03939302,1.398412006,CG,255
256,-1.74888166,0.436730514,CG,256
257,-1.50825117,1.978298243,CG,257
258,-0.61123506,1.297237186,CG,258
259,-1.88445171,2.343605885,CG,259
260,-0.54910565,1.064804791,CG,260
261,-1.0794617,3.364192238,CG,261
262,-0.29872302,0.054269142,CG,262
263,-0.17824516,1.129504439,CG,263
264,-0.29868264,2.07953974,CG,264
265,-1.31461704,0.295592649,CG,265
266,0.05271318,1.411511218,CG,266
267,0.27378769,-1.03304972,CG,267
268,-2.72540818,0.14958638,CG,268
269,-0.0582767,2.08279239,CG,269
270,-1.51171017,1.551109399,CG,270
271,1.280607931,0.587070249,CG,271
272,-0.955276721,4.281059933,CG,272
273,0.422423331,3.569326438,CG,273
274,-0.065988485,1.961456924,CG,274
275,1.601453172,3.844019787,CG,275
276,0.20923155,-0.212085571,CG,276
277,0.441187816,2.453274152,CG,277
278,0.81096293,1.867589177,CG,278
279,0.798541123,1.213350984,CG,279
280,1.00464487,1.559049756,CG,280
281,1.88880588,0.251897221,CG,281
282,0.52966222,1.613813836,CG,282
283,1.06749786,2.968231648,CG,283
284,1.83360272,0.635646054,CG,284
285,-0.04971151,1.604133378,CG,285
286,1.73138577,-0.176968833,CG,286
287,0.08965148,-0.41999117,CG,287
288,0.30802048,2.455548458,CG,288
289,0.15872771,-0.08950758,CG,289
290,1.351857887,-0.21176776,CG,290
291,1.65256489,0.645572943,CG,291
292,-0.3212967,2.407890543,CG,292
293,1.781977636,3.232829324,CG,293
294,-0.688514984,2.078843078,CG,294
295,-0.78193764,0.057206408,CG,295
296,-0.577838845,0.803125065,CG,296
297,-0.30924929,0.656240611,CG,297
298,0.17504523,1.278699226,CG,298
299,-1.50491665,5.104150423,CG,299
300,-1.089811694,5.10129935,CG,300
301,-0.97092025,4.495561934,CG,301
302,-0.374884645,1.576332858,CG,302
303,-1.706596933,-0.835255325,CG,303
304,-0.00193949,4.029662228,CG,304
305,-0.86262204,3.770550845,CG,305
306,-1.71037527,4.561026456,CG,306
307,0.36893481,4.639475204,CG,307
308,-0.3490064,2.627295861,CG,308
309,-0.37999813,5.925291495,CG,309
310,-1.314271573,2.369204733,CG,310
311,-1.22981602,5.141382226,CG,311
312,-0.33202117,2.572929414,CG,312
313,-1.26136473,1.315756936,CG,313
314,-0.50201441,4.497928422,CG,314
315,-1.993150475,3.088752072,CG,315
316,-0.880943689,1.770422044,CG,316
317,-0.30540126,4.024370442,CG,317
318,-0.968517557,6.418107489,CG,318
319,0.148267782,3.083884519,CG,319
320,0.563995806,2.000057548,CG,320
321,0.566224046,-0.73019523,CG,321
322,0.673211279,0.408324711,CG,322
323,-0.310696355,2.519289101,CG,323
324,0.750773422,0.729238227,CG,324
325,0.745426446,-0.641100325,CG,325
326,0.59481106,-5.518431053,CG,326
327,0.18123169,-0.327325411,CG,327
328,0.483954562,-1.899391483,CG,328
329,-0.066138994,-1.700644934,CG,329
330,0.701197387,1.416642262,CG,330
331,-0.306281116,0.355403746,CG,331
332,0.14645583,0.54960584,CG,332
333,0.85067907,-0.56707699,CG,333
334,1.75887318,1.453792936,CG,334
335,-0.15795663,1.27637777,CG,335
336,-0.15259208,1.031532159,CG,336
337,0.71552152,0.34359063,CG,337
338,1.161257539,-0.980974872,CG,338
339,0.508132306,2.618170677,CG,339
340,-0.404908392,2.238683963,CG,340
341,1.357212375,2.456204257,CG,341
342,1.1384214,1.26574427,CG,342
343,-0.44792455,1.528374799,CG,343
344,0.284202793,2.407376671,CG,344
345,0.02676619,1.743841455,CG,345
346,1.20906545,0.638504011,CG,346
347,0.618078067,2.000700347,CG,347
348,-0.351283265,2.061313087,CG,348
349,1.39069097,-0.947672449,CG,349
350,0.223782915,0.685362535,CG,350
351,-0.293077301,1.798568039,CG,351
352,1.553461443,2.75649731,CG,352
353,0.348862236,4.672373556,CG,353
354,1.03807584,4.689036935,CG,354
355,-0.212563645,5.487349874,CG,355
356,-0.018032495,-1.017867811,CG,356
357,-0.852668495,1.547619876,CG,357
358,1.90857326,-3.461114845,CG,358
359,0.596281079,2.514117306,CG,359
360,-1.184773688,4.479307596,CG,360
361,1.55265061,1.602818446,CG,361
362,-0.55547547,0.134577566,CG,362
363,-0.39166984,5.802717415,CG,363
364,-1.28221498,-0.04446445,CG,364
365,-1.19403687,1.39677042,CG,365
366,-1.93786208,1.87877768,CG,366
367,-0.21969146,-1.66451106,CG,367
368,-0.72602521,0.68388624,CG,368
369,-2.656967391,2.598637494,CG,369
370,-1.89627965,2.34863885,CG,370
371,-0.71157595,0.54100237,CG,371
372,0.77028003,-2.637143612,CG,372
373,-2.01203005,0.4243382,CG,373
374,0.795844324,-1.943527531,CG,374
375,-0.15917444,2.138711144,CG,375
376,-0.51983897,0.891407514,CG,376
377,2.22194964,-0.692047897,CG,377
378,1.001823336,1.823231624,CG,378
379,0.66217059,0.841178307,CG,379
380,0.01726554,-1.07189768,CG,380
381,1.62828697,0.139476743,CG,381
382,1.21769143,0.59290277,CG,382
383,-0.22033845,-0.1385785,CG,383
384,0.072730861,2.612460647,CG,384
385,-1.41688355,2.95930014,CG,385
386,-0.84171801,1.11034944,CG,386
387,-0.96945097,2.71548505,CG,387
388,0.69084279,2.07932632,CG,388
389,-0.09525565,2.20888585,CG,389
390,1.25462469,7.041415466,CG,390
391,0.039977498,3.051396263,CG,391
392,0.25968729,-1.893708685,CG,392
393,-0.97005172,-0.623739515,CG,393
394,-0.43129673,-0.434232438,CG,394
395,-1.02318164,-0.27695728,CG,395
396,-0.94803295,-0.91931809,CG,396
397,0.05477799,0.42046354,CG,397
398,0.02818051,0.05746921,CG,398
399,-1.08021224,-0.6671374,CG,399
400,0.806308,0.708748022,CG,400
1,0.67950908,-1.738576776,TG,1
2,1.84943373,0.770945243,TG,2
3,1.88533539,0.557951092,TG,3
4,1.56080944,-1.03126859,TG,4
5,1.36282608,1.315996059,TG,5
6,3.07654008,2.596778063,TG,6
7,0.372799251,1.262964229,TG,7
8,1.17622387,0.565156325,TG,8
9,1.59582119,-0.141591495,TG,9
10,1.87507014,-0.627593213,TG,10
11,1.17449957,1.148345262,TG,11
12,1.9411403,0.635327345,TG,12
13,1.38151123,-0.018919116,TG,13
14,1.74346432,0.314259082,TG,14
15,2.19019359,0.628286755,TG,15
16,1.9048074,-0.093934851,TG,16
17,0.52552301,-0.365983788,TG,17
18,1.06476492,0.149045,TG,18
19,1.5409224,-1.865632485,TG,19
20,2.19085536,1.863564568,TG,20
21,1.29401671,0.915400428,TG,21
22,1.13677372,-0.040731058,TG,22
23,2.51164395,-1.471804946,TG,23
24,1.46853834,-0.834279998,TG,24
25,1.51434649,0.961898926,TG,25
26,1.21948552,0.752974916,TG,26
27,1.3889492,-0.242995329,TG,27
28,2.091975682,-1.378346764,TG,28
29,1.61729905,-1.134804175,TG,29
30,-0.16101738,1.14303249,TG,30
31,3.209717219,-3.131733328,TG,31
32,0.46762841,-0.088491654,TG,32
33,0.68464256,0.709020293,TG,33
34,0.561544324,1.657672405,TG,34
35,2.45805986,-0.556844905,TG,35
36,1.2504768,2.035440525,TG,36
37,-0.63520653,-0.109151468,TG,37
38,1.46659027,2.681880664,TG,38
39,2.09022497,0.931702844,TG,39
40,1.88789315,0.858765725,TG,40
41,1.15929393,-0.465384383,TG,41
42,-1.0894681,0.054074107,TG,42
43,2.29488507,0.060616655,TG,43
44,2.18526064,0.068106307,TG,44
45,2.86273478,0.027362264,TG,45
46,2.50763609,2.135945391,TG,46
47,3.01780604,0.433893567,TG,47
48,3.23193234,-1.83496732,TG,48
49,3.0539783,-0.917193998,TG,49
50,3.08842147,-1.364469183,TG,50
51,2.31846051,0.201885687,TG,51
52,3.49764992,0.429776595,TG,52
53,3.272832,-0.832001259,TG,53
54,2.33829045,-1.421190453,TG,54
55,2.69482653,-1.736982019,TG,55
56,1.66346969,-0.946075329,TG,56
57,2.3325923,-0.983691869,TG,57
58,1.6458007,0.406378512,TG,58
59,2.67095634,-0.623091698,TG,59
60,4.06689143,0.242872436,TG,60
61,1.81210834,0.069376017,TG,61
62,2.17240791,-0.841903143,TG,62
63,4.06598998,-1.791843194,TG,63
64,3.17002984,-1.787445103,TG,64
65,1.61955869,-0.275465381,TG,65
66,2.26455382,0.152620944,TG,66
67,2.83835295,-1.756856714,TG,67
68,2.00250303,-1.323435846,TG,68
69,0.337234633,-0.170286724,TG,69
70,-0.012808224,-1.265178323,TG,70
71,0.38263756,0.047487119,TG,71
72,0.370583679,-0.31425912,TG,72
73,-0.22978362,-0.754767309,TG,73
74,0.73931672,-1.254147156,TG,74
75,-0.77718125,-1.63532136,TG,75
76,1.575871923,-0.0432408,TG,76
77,-1.40033453,-4.621851276,TG,77
78,-0.74505646,-0.961724115,TG,78
79,1.10108157,-1.814495277,TG,79
80,0.09403542,-0.956393605,TG,80
81,-0.69996055,-2.029648645,TG,81
82,1.17935229,-2.169629451,TG,82
83,-0.33210283,-0.716311376,TG,83
84,0.50152935,-2.259203158,TG,84
85,0.386804857,-0.96690746,TG,85
86,-1.140650662,2.413697981,TG,86
87,-0.58949349,-0.402068119,TG,87
88,-0.05674192,2.006102397,TG,88
89,-0.49215367,1.189706607,TG,89
90,-0.7145667,-0.519636863,TG,90
91,-0.021183338,-0.724256798,TG,91
92,0.09447812,0.012192846,TG,92
93,0.18190659,-0.409064805,TG,93
94,0.08114455,0.827922965,TG,94
95,-0.07292672,-2.465423145,TG,95
96,0.99591218,2.577719997,TG,96
97,-0.971994891,-0.903431523,TG,97
98,0.30150116,-0.515156766,TG,98
99,0.787999563,0.60790157,TG,99
100,-0.51694795,-0.897151958,TG,100
101,0.23976131,-1.243576033,TG,101
102,0.28234991,0.716015007,TG,102
103,0.83972654,2.055994602,TG,103
104,0.54864368,1.385354191,TG,104
105,0.409531661,0.442600684,TG,105
106,0.27298885,0.247695169,TG,106
107,0.33006971,0.324422771,TG,107
108,-0.16299294,-1.41632186,TG,108
109,0.91457534,-2.695891622,TG,109
110,-0.13692422,1.687965511,TG,110
111,1.130719618,1.11889209,TG,111
112,0.98818508,1.29881121,TG,112
113,-0.33791258,2.123303286,TG,113
114,0.78163681,0.246374226,TG,114
115,0.294181303,-0.001756426,TG,115
116,0.448464727,0.906762256,TG,116
117,0.388460212,2.466012449,TG,117
118,0.578883862,0.756745154,TG,118
119,-0.133426037,-0.736333602,TG,119
120,0.121124536,-1.286992758,TG,120
121,-0.166693143,-0.267750267,TG,121
122,-0.342080694,0.124659302,TG,122
123,-0.249853194,-0.119673922,TG,123
124,0.318015706,3.998296535,TG,124
125,0.067544162,1.361892442,TG,125
126,-0.652025615,1.200868781,TG,126
127,-1.060436792,-0.858763796,TG,127
128,-0.087671102,-1.147847749,TG,128
129,1.02950751,-0.69780403,TG,129
130,0.26963393,-0.041276992,TG,130
131,-0.18664934,-0.66744914,TG,131
132,-1.05876399,-1.133437445,TG,132
133,0.003286192,-1.596259105,TG,133
134,1.210117629,-2.252423521,TG,134
135,1.021785939,1.627892756,TG,135
136,0.591313999,-1.382302404,TG,136
137,0.81242455,1.080829607,TG,137
138,1.188993671,-0.754727553,TG,138
139,-0.508175568,-1.432389844,TG,139
140,-0.467537662,0.716412158,TG,140
141,-0.249396236,-1.874377499,TG,141
142,1.221600013,-1.098898689,TG,142
143,0.539506986,-0.40371225,TG,143
144,-0.095704036,-1.162402889,TG,144
145,-1.31890344,2.771374894,TG,145
146,0.394983323,0.462806956,TG,146
147,1.110897153,-2.66672147,TG,147
148,0.571091424,-0.6593866,TG,148
149,-1.16660894,2.62357405,TG,149
150,-1.93668849,5.49326735,TG,150
151,-0.157717844,-2.746916548,TG,151
152,-1.25336151,4.79660963,TG,152
153,-0.105464462,4.676981051,TG,153
154,0.13103155,0.94646109,TG,154
155,1.27551827,2.40285053,TG,155
156,0.227622093,5.122936665,TG,156
157,1.638279533,2.899676613,TG,157
158,2.99310125,0.114436041,TG,158
159,0.677223718,2.535392656,TG,159
160,-0.32184441,3.97169312,TG,160
161,0.5293865,1.694637023,TG,161
162,-0.76961475,3.33498739,TG,162
163,-0.67165424,2.77565487,TG,163
164,0.38088299,1.78438301,TG,164
165,0.11279171,0.42098005,TG,165
166,-0.69896736,2.874288318,TG,166
167,-0.679546856,2.514949306,TG,167
168,-0.32495788,3.12647532,TG,168
169,-0.9435565,4.774711131,TG,169
170,1.26686377,3.828504624,TG,170
171,-0.251397901,1.562684063,TG,171
172,3.568595356,0.130045721,TG,172
173,-0.92232176,1.38195781,TG,173
174,-0.69200649,2.598681266,TG,174
175,2.276948839,2.762870557,TG,175
176,-1.59456313,5.69277016,TG,176
177,0.907840705,0.359829194,TG,177
178,0.01766672,1.31057367,TG,178
179,-1.46374975,5.028795,TG,179
180,0.43537322,1.296489517,TG,180
181,0.29621643,1.933532542,TG,181
182,0.04201273,2.31577673,TG,182
183,-1.53036815,3.21187311,TG,183
184,-1.14552584,0.27039273,TG,184
185,1.695509679,0.855546128,TG,185
186,0.14306648,-0.31664248,TG,186
187,-0.21923201,-0.004223706,TG,187
188,-0.26941512,4.31173079,TG,188
189,3.51669253,-0.219748949,TG,189
190,-0.79790127,4.015137074,TG,190
191,-0.99614995,3.494065499,TG,191
192,-0.45183671,1.82446126,TG,192
193,0.61906524,-2.820235751,TG,193
194,-0.50115582,0.783441368,TG,194
195,-0.95988202,2.41017028,TG,195
196,-1.44039031,3.95868665,TG,196
197,-0.40196066,1.17120409,TG,197
198,-0.14951763,-0.853288644,TG,198
199,-1.74547219,0.76530611,TG,199
200,-1.50566298,4.81497745,TG,200
201,0.30892033,0.605778369,TG,201
202,0.530479792,0.576119985,TG,202
203,1.32569943,0.884826464,TG,203
204,1.31915504,0.59780592,TG,204
205,0.78241869,0.443643163,TG,205
206,1.33321566,-0.829456288,TG,206
207,-0.640506614,-1.915535413,TG,207
208,1.9875359,0.564246425,TG,208
209,-0.00290393,1.058223437,TG,209
210,1.19532727,1.364753064,TG,210
211,0.92175395,-0.299933362,TG,211
212,1.28533297,-0.740151106,TG,212
213,1.35921683,1.235732953,TG,213
214,1.62299948,0.467705624,TG,214
215,1.64779443,0.529666233,TG,215
216,0.24263615,-0.62962648,TG,216
217,2.75396419,1.866323168,TG,217
218,1.44275904,-0.887304348,TG,218
219,1.28547532,-1.161236416,TG,219
220,1.43514008,0.888349706,TG,220
221,1.2223909,-0.853720345,TG,221
222,1.69783732,-1.209316521,TG,222
223,0.37007514,-1.010185209,TG,223
224,0.22060583,0.932105471,TG,224
225,1.48911684,-0.665344335,TG,225
226,0.62735671,0.055154757,TG,226
227,2.16344498,-1.21278856,TG,227
228,0.61772509,-0.090397916,TG,228
229,0.57589188,0.718650303,TG,229
230,1.69998841,-0.449980718,TG,230
231,1.27625965,1.364000204,TG,231
232,2.309101889,3.060737727,TG,232
233,1.49012186,2.630440379,TG,233
234,0.18826108,2.387587888,TG,234
235,2.19192267,-1.102723298,TG,235
236,0.51358773,1.5619677,TG,236
237,1.2778799,2.095076769,TG,237
238,-1.039663409,2.351453635,TG,238
239,1.39647935,-0.416359937,TG,239
240,2.32221146,2.517655816,TG,240
241,0.69565095,1.204214143,TG,241
242,1.83853208,1.993834831,TG,242
243,1.46320091,1.070520454,TG,243
244,2.31284771,-0.269958214,TG,244
245,1.60987414,-0.954944744,TG,245
246,2.96110453,-0.774507615,TG,246
247,1.93038112,-1.298964433,TG,247
248,3.25451571,-1.192819421,TG,248
249,1.92887587,0.492704796,TG,249
250,1.732901796,1.009577608,TG,250
251,2.54907237,-1.896762018,TG,251
252,2.64976142,-1.689065166,TG,252
253,3.1386733,0.187810147,TG,253
254,1.69238784,-0.305582723,TG,254
255,3.02277009,-0.787435228,TG,255
256,1.90089774,-2.061218704,TG,256
257,2.98397494,-2.050110069,TG,257
258,1.92951753,-0.716567649,TG,258
259,3.59296676,-2.444154081,TG,259
260,2.82864998,-0.825353874,TG,260
261,0.95247115,0.177439687,TG,261
262,3.86806957,-2.820687554,TG,262
263,2.71294454,-2.246919117,TG,263
264,2.53433405,-1.465260082,TG,264
265,3.25719589,-0.793819278,TG,265
266,1.75737891,0.31683549,TG,266
267,1.95580672,-2.504158804,TG,267
268,4.04492631,-1.188675655,TG,268
269,2.6436762,-1.678374089,TG,269
270,3.35973316,-3.068308363,TG,270
271,0.319509799,-1.429781225,TG,271
272,-0.571395528,0.45180855,TG,272
273,0.71140073,0.98660945,TG,273
274,-2.133977142,0.948558112,TG,274
275,0.06229914,-0.170932283,TG,275
276,0.56625942,-0.747083071,TG,276
277,-1.175630533,-0.231031795,TG,277
278,0.55529945,0.258115828,TG,278
279,1.157500936,-1.359297025,TG,279
280,0.00753003,-0.612181734,TG,280
281,0.15359005,0.237253307,TG,281
282,-0.52612276,-1.827932971,TG,282
283,1.35009277,0.907259838,TG,283
284,0.74608346,1.975301274,TG,284
285,-1.64531996,-1.422074508,TG,285
286,0.92107219,-2.788118547,TG,286
287,-0.789037011,0.74009375,TG,287
288,-1.00680048,-0.169839635,TG,288
289,0.84312902,-0.38316216,TG,289
290,-0.67517973,0.634034588,TG,290
291,0.41085074,-1.203629355,TG,291
292,0.215143029,0.286625986,TG,292
293,-0.52673547,-1.354941819,TG,293
294,0.730228923,2.263634506,TG,294
295,0.566015552,1.448602372,TG,295
296,2.470974439,-0.739097115,TG,296
297,0.74756717,1.387187919,TG,297
298,0.00977744,1.084922611,TG,298
299,0.06444855,-1.222813219,TG,299
300,0.614351533,-2.283184328,TG,300
301,0.225131597,-0.749526382,TG,301
302,-0.464836017,0.37617195,TG,302
303,-0.26366911,1.781126647,TG,303
304,-0.26593504,0.166999345,TG,304
305,-0.10028637,0.487002459,TG,305
306,-0.26044783,-1.422941341,TG,306
307,-0.53985723,-0.098801661,TG,307
308,0.48635491,0.438633201,TG,308
309,0.027286922,-0.410276186,TG,309
310,-0.16327582,-1.394773756,TG,310
311,0.99098822,0.778434949,TG,311
312,0.02424211,1.85112137,TG,312
313,0.3439575,-2.094703823,TG,313
314,-0.09584495,1.787216125,TG,314
315,0.40623636,0.31698671,TG,315
316,-0.36184343,-0.088410793,TG,316
317,-0.20822599,2.04498792,TG,317
318,0.52202545,0.592122669,TG,318
319,0.195886188,0.479913015,TG,319
320,0.541745362,0.58569182,TG,320
321,0.436803865,2.660103702,TG,321
322,0.122870159,-0.13293706,TG,322
323,0.021644332,2.477174883,TG,323
324,-0.147767333,-0.914560873,TG,324
325,0.39316199,-0.816367599,TG,325
326,-0.136432778,1.603653072,TG,326
327,0.031046252,0.682736184,TG,327
328,-0.251547408,0.180734017,TG,328
329,0.09332941,-0.494615099,TG,329
330,-0.541045947,-0.774071978,TG,330
331,-0.208623321,-0.790926782,TG,331
332,1.36890498,-1.4145664,TG,332
333,0.13876039,-2.7197611,TG,333
334,-0.79753286,-2.939853583,TG,334
335,-1.16844519,0.97074823,TG,335
336,0.36818605,-2.480886624,TG,336
337,-0.19297719,-2.232360915,TG,337
338,-0.030306551,-3.092068386,TG,338
339,0.22045965,-2.312581569,TG,339
340,-0.159664369,1.040691327,TG,340
341,1.074649684,-2.265997433,TG,341
342,0.2063456,-0.055918772,TG,342
343,0.48695127,-2.426151109,TG,343
344,0.105144422,-0.563391961,TG,344
345,-0.45499004,-2.101010569,TG,345
346,-0.588192778,-1.338877952,TG,346
347,-0.249016081,3.05812427,TG,347
348,1.182763983,-0.088524837,TG,348
349,-0.02442213,-1.616119349,TG,349
350,-0.291478902,-0.508373956,TG,350
351,0.6908864,-3.590516683,TG,351
352,0.618062917,-1.886897574,TG,352
353,-0.550960245,1.515376139,TG,353
354,-0.46083603,0.253825539,TG,354
355,-1.519207403,2.164179057,TG,355
356,0.140495879,-3.227418418,TG,356
357,0.858950319,-1.019400663,TG,357
358,1.399380662,-5.4096146,TG,358
359,0.839019823,-1.430266874,TG,359
360,1.476416068,-3.311682268,TG,360
361,0.16615324,-0.436699476,TG,361
362,-0.40308293,2.269963455,TG,362
363,-0.771346016,1.435569452,TG,363
364,-0.36386811,0.71102595,TG,364
365,-0.83464904,0.76301756,TG,365
366,-0.07797708,-1.43835441,TG,366
367,-1.199775,3.84582324,TG,367
368,-1.59882979,2.39202988,TG,368
369,0.159892029,3.710249494,TG,369
370,0.55056678,3.282405185,TG,370
371,0.68452253,1.66191857,TG,371
372,0.61022109,1.656476778,TG,372
373,1.01663319,0.114374255,TG,373
374,1.802319439,0.390062578,TG,374
375,0.52854004,1.097123829,TG,375
376,-0.208346939,1.158709103,TG,376
377,0.0157478,3.888823007,TG,377
378,1.327595584,-1.588856749,TG,378
379,-0.86928942,4.248047332,TG,379
380,-0.77356404,-0.62796888,TG,380
381,-2.08223853,2.485448118,TG,381
382,-1.39268684,2.25343691,TG,382
383,-0.93534423,2.97514891,TG,383
384,0.576886512,-1.136838188,TG,384
385,-1.10376542,3.04805061,TG,385
386,-1.14303801,3.11389159,TG,386
387,0.64128583,-1.49883245,TG,387
388,-0.01625207,1.59050388,TG,388
389,-0.95263858,1.58756242,TG,389
390,-0.58114275,0.41697128,TG,390
391,1.12916771,1.366099187,TG,391
392,-1.58215598,4.521400048,TG,392
393,-0.50357465,0.19675448,TG,393
394,-0.20636194,-1.09458932,TG,394
395,-1.15290836,2.10689168,TG,395
396,-0.82544748,-0.03155407,TG,396
397,-1.46095701,-0.46832568,TG,397
398,-0.86900436,-0.44868963,TG,398
399,-0.81909365,2.66052108,TG,399
400,-1.36289541,1.392817011,TG,400
